FirstName,LastName,CMS
TAIMOOR KHAN,MAHSUD,1234608
ABDUL HAFEEZ,SAJID,1234570
OWAIS ALI,KHAN,1234641
AFRASIAB,KHAN,1234573
ANAS IMRAN,TASADDUQ,1234576
MASHHOOD,IJAZ,1234626
MUHAMMAD,USAMA,1234598
IQRA,SHAHID,1234620
SAAD,AKRAM,1234601
SARWAN,AHMED,1234604
MONA MUHAMMAD,FIAZ,1234629
LUQMAN,KHANZADA,1234622
HAMZA,ASIF,1234583
MOHAMMAD SAAD,RAZA,1234627
TAHA,ABDULLAH,1234650
MAHNOOR,IQBAL,1234590
MOMINA,GULL,1234628
SAIFULLAH,,1234602
MUHAMMAD ANSAR,SHAHZAD,1234632
SANAN,YAQOOB,1234645
ABDUL,REHMAN,1234569
KASHIF,KHAN,1234621
